phone,brand,configuration,import_taka,official_taka,difference_taka,premium_over_import_pct,saving_off_official_pct
Samsung Galaxy Z Fold 5,Samsung,12GB/256GB,123999,285999,162000,131,57
Apple iPhone 17 Pro,Apple,1TB,102490,261000,158510,155,61
Apple iPhone 17 Pro Max,Apple,1TB,107490,264499,157009,146,59
Samsung Galaxy Z Flip 6,Samsung,12GB/256GB,84999,197999,113000,133,57
Samsung Galaxy S24 Ultra,Samsung,12GB/256GB,100990,207999,107009,106,51
Samsung Galaxy S26 Ultra,Samsung,12GB/512GB,130490,232498,102008,78,44
Samsung Galaxy S25 Ultra,Samsung,12GB/256GB,97499,189999,92500,95,49
Apple iPhone 15 Pro,Apple,256GB,129990,220000,90010,69,41
Apple iPhone Air,Apple,512GB,145000,224999,79999,55,36
Samsung Galaxy S26 Plus,Samsung,12GB/256GB,92490,162999,70509,76,43
Honor Magic V6,Honor,16GB/512GB,185999,249990,63991,34,26
Apple iPhone 16 Plus,Apple,256GB,124990,184999,60009,48,32
Huawei Mate X7,Huawei,16GB/512GB,184999,239999,55000,30,23
Samsung Galaxy S25 Plus,Samsung,12GB/256GB,85990,139999,54009,63,39
Google Pixel 10 Pro,Google,16GB/128GB,85999,130999,45000,52,34
Vivo X300 Pro,Vivo,16GB/512GB,105990,149999,44009,42,29
Apple iPhone 16,Apple,128GB,85000,121999,36999,44,30
Apple iPhone 15,Apple,128GB,74499,109999,35500,48,32
Samsung Galaxy S26,Samsung,12GB/256GB,86490,121499,35009,40,29
Apple iPhone 17,Apple,256GB,113999,147999,34000,30,23
Apple iPhone 16 Pro Max,Apple,256GB,139490,173000,33510,24,19
Google Pixel 9 Pro XL,Google,16GB/128GB,79999,107999,28000,35,26
Huawei Mate 80 Pro,Huawei,16GB/512GB,109999,137999,28000,25,20
Apple iPhone 14,Apple,128GB,68990,94999,26009,38,27
Apple iPhone 17e,Apple,256GB,89999,114999,25000,28,22
Redmi Note 17 Pro 5G,Redmi,8GB/256GB,33990,52999,19009,56,36
Samsung Galaxy A27 5G,Samsung,8GB/128GB,33999,52999,19000,56,36
Honor Magic 8 Pro,Honor,12GB/512GB,114000,132999,18999,17,14
Honor 600 Pro,Honor,12GB/256GB,76490,93999,17509,23,19
OnePlus 13,OnePlus,16GB/512GB,94999,111999,17000,18,15
Samsung Galaxy A57 5G,Samsung,8GB/256GB,49490,65999,16509,33,25
OnePlus 15,OnePlus,12GB/256GB,89888,105999,16111,18,15
Vivo V70 FE 5G,Vivo,12GB/256GB,47490,62999,15509,33,25
Google Pixel 9,Google,12GB/128GB,69499,84999,15500,22,18
Redmi Note 17 Pro Max 5G,Redmi,12GB/256GB,51790,66499,14709,28,22
Honor 600 5G,Honor,12GB/256GB,56490,69999,13509,24,19
Samsung Galaxy A37 5G,Samsung,8GB/128GB,38490,51499,13009,34,25
Vivo V70 5G,Vivo,12GB/512GB,72290,84499,12209,17,14
Samsung Galaxy A36 5G,Samsung,8GB/128GB,33990,44499,10509,31,24
Google Pixel 7 Pro,Google,12GB/128GB,43990,54499,10509,24,19
Samsung Galaxy A15 5G,Samsung,6GB/128GB,17990,27599,9609,53,35
Google Pixel 9a,Google,8GB/256GB,56499,65999,9500,17,14
Honor 400,Honor,12GB/512GB,45990,54990,9000,20,16
Honor 400 Pro,Honor,12GB/512GB,65990,74990,9000,14,12
Google Pixel 7,Google,8GB/128GB,37499,45999,8500,23,18
Samsung Galaxy S25 FE,Samsung,8GB/256GB,66990,75399,8409,13,11
Realme 15 Pro 5G,Realme,12GB/256GB,47490,55499,8009,17,14
Redmi Note 15 5G,Redmi,8GB/256GB,27990,35499,7509,27,21
Xiaomi 17T,Xiaomi,12GB/256GB,53990,60999,7009,13,11
Redmi Note 15 Pro Plus 5G,Redmi,12GB/512GB,49990,56499,6509,13,12
Google Pixel 8 Pro,Google,12GB/128GB,64999,70999,6000,9,8
Samsung Galaxy A07 4G,Samsung,4GB/128GB,18990,24499,5509,29,22
Samsung Galaxy A56 5G,Samsung,12GB/256GB,49490,54999,5509,11,10
Honor 600 Lite,Honor,8GB/256GB,36990,42299,5309,14,13
Redmi Note 17 4G,Redmi,6GB/128GB,26990,31490,4500,17,14
Huawei Nova 15 Max,Huawei,8GB/256GB,43999,47999,4000,9,8
OPPO Reno 15F 5G,OPPO,8GB/256GB,56799,59899,3100,5,5
Honor Magic V5,Honor,16GB/512GB,155999,158999,3000,2,2
Tecno Camon Slim 5G,Tecno,8GB/256GB,57599,59999,2400,4,4
Tecno Camon 50 Ultra 5G,Tecno,12GB/256GB,52899,54999,2100,4,4
Honor X9d,Honor,12GB/256GB,39499,41499,2000,5,5
Redmi 17 4G,Redmi,6GB/128GB,22400,24199,1799,8,7
Tecno Camon Air,Tecno,8GB/128GB,43450,44999,1549,4,3
Realme C100x,Realme,6GB/128GB,22490,23899,1409,6,6
Tecno Spark 50 Pro,Tecno,6GB/128GB,25970,26999,1029,4,4
Redmi A7,Redmi,3GB/64GB,15390,16399,1009,7,6
Realme Note 70,Realme,4GB/64GB,14990,15699,709,5,5
Redmi 15 4G,Redmi,6GB/128GB,20790,21399,609,3,3
Honor X6c,Honor,6GB/128GB,19490,19999,509,3,3
Infinix Hot 70 Pro,Infinix,8GB/128GB,34299,34699,400,1,1
OPPO A6 4G,OPPO,6GB/128GB,25410,25699,289,1,1
Honor X5c,Honor,4GB/64GB,15790,15999,209,1,1
