from_gb,to_gb,difference_taka,phone,shop
64,128,-3900,Samsung Galaxy A06 4G,Shop 02
64,128,-500,Tecno Spark Go 3,Shop 13
64,128,500,Samsung Galaxy A05s,Shop 02
64,128,500,Realme Note 60,Shop 02
64,128,500,Realme Note 60,Shop 13
64,128,900,Nubia A57,Shop 08
64,128,959,OPPO A6x,Shop 02
64,128,1000,Vivo Y05,Shop 10
64,128,1000,Realme Note 70,Shop 09
64,128,1000,Realme Note 70,Shop 13
64,128,1000,Vivo Y04,Shop 02
64,128,1000,Vivo Y04,Shop 13
64,128,1000,Honor X5c,Shop 06
64,128,1000,Infinix Smart 20,Shop 13
64,128,1000,OPPO K14x,Shop 06
64,128,1000,Realme Note 60,Shop 02
64,128,1100,Samsung Galaxy A06 4G,Shop 13
64,128,1400,Samsung Galaxy A06 4G,Shop 02
64,128,1500,Honor X5c,Shop 02
64,128,1500,Vivo Y19s,Shop 02
64,128,1500,Samsung Galaxy A07 4G,Shop 10
64,128,1800,Realme Note 70,Shop 10
64,128,1900,Samsung Galaxy A06 4G,Shop 03
64,128,1900,Realme C100i,Shop 10
64,128,2000,Realme Note 60x,Shop 02
64,128,2000,Realme Note 70,Shop 01
64,128,2000,Realme Note 70,Shop 02
64,128,2000,Realme Note 70,Shop 06
64,128,2000,Realme Note 70,Shop 12
64,128,2000,Vivo Y04,Shop 02
64,128,2000,Infinix Smart 20,Shop 05
64,128,2000,Infinix Smart 20,Shop 08
64,128,2000,Realme C100i,Shop 01
64,128,2000,Realme C100i,Shop 06
64,128,2000,Realme Narzo 100 Lite,Shop 06
64,128,2000,OPPO A6x,Shop 01
64,128,2000,OPPO A6x,Shop 10
64,128,2000,OPPO A6x,Shop 07
64,128,2000,OPPO A6x,Shop 13
64,128,2000,Tecno Spark 50C,Shop 05
64,128,2000,Tecno Spark 50C,Shop 08
64,128,2000,Tecno Spark 50C,Shop 14
64,128,2000,Tecno Spark 50C,Shop 13
64,128,2500,Vivo Y05,Shop 05
64,128,2500,Vivo Y05,Shop 12
64,128,2500,Vivo Y05,Shop 13
64,128,2500,Samsung Galaxy A07 4G,Shop 06
64,128,2500,Samsung Galaxy A07 4G,Shop 02
64,128,2841,Realme C100i,Shop 02
64,128,3000,Redmi A7 Pro,Shop 05
64,128,3000,Realme C100i,Shop 05
64,128,3000,Realme C100i,Shop 12
64,128,3000,Realme C100i,Shop 09
64,128,3000,Realme C100i,Shop 13
64,128,3000,OPPO A6c,Shop 05
64,128,3000,OPPO A6c,Shop 07
64,128,3000,OPPO A6c,Shop 13
64,128,3700,Samsung Galaxy A07 4G,Shop 03
64,128,3700,Samsung Galaxy A07 4G,Shop 13
64,128,3900,Samsung Galaxy A07 4G,Shop 01
128,256,-5000,Vivo T5x,Shop 06
128,256,-3000,Samsung Galaxy A17 5G,Shop 10
128,256,-3000,iQOO Z11x,Shop 10
128,256,-3000,Realme P4 Pro,Shop 06
128,256,-2300,Redmi Note 14 4G,Shop 01
128,256,-1500,iQOO Z10x,Shop 13
128,256,-1500,Redmi Note 15 Pro 5G,Shop 02
128,256,-1500,Google Pixel 8,Shop 13
128,256,-1500,Samsung Galaxy S21 FE 5G,Shop 13
128,256,-1000,Redmi Note 14 4G,Shop 06
128,256,-1000,Realme P4x,Shop 10
128,256,200,Samsung Galaxy A17 5G,Shop 01
128,256,200,Samsung Galaxy A17 5G,Shop 03
128,256,200,Samsung Galaxy A17 5G,Shop 13
128,256,300,Redmi Note 14 4G,Shop 02
128,256,500,Motorola G96,Shop 02
128,256,500,Samsung Galaxy A27 5G,Shop 13
128,256,500,Motorola Edge 60 Fusion,Shop 06
128,256,900,Honor X6c,Shop 01
128,256,1000,Honor X6c,Shop 02
128,256,1000,Honor X6c,Shop 05
128,256,1000,Honor X6c,Shop 13
128,256,1000,OnePlus Nord CE6 Lite,Shop 06
128,256,1000,Motorola Edge 60 Fusion,Shop 10
128,256,1000,Samsung Galaxy A37 5G,Shop 10
128,256,1000,Realme P4,Shop 06
128,256,1000,Nothing Phone 3a Pro,Shop 13
128,256,1000,Samsung Galaxy A56 5G,Shop 13
128,256,1000,OnePlus Nord CE6,Shop 13
128,256,1000,OnePlus Nord 4,Shop 13
128,256,1200,Samsung Galaxy A16 4G,Shop 02
128,256,1500,Vivo Y04,Shop 13
128,256,1500,Honor X6c,Shop 06
128,256,1500,Redmi Note 14 4G,Shop 10
128,256,1500,Redmi 15 5G,Shop 06
128,256,1500,Redmi Note 17 5G,Shop 01
128,256,1500,Vivo T5x,Shop 01
128,256,1500,Redmi Note 14 Pro 5G,Shop 02
128,256,1500,Motorola Edge 60 Stylus,Shop 13
128,256,1500,Redmi Note 15 Pro 5G,Shop 02
128,256,1500,Redmi Note 15 Pro 4G,Shop 06
128,256,1500,Motorola G96,Shop 01
128,256,1500,Redmi Note 17 Pro 5G,Shop 01
128,256,1500,Samsung Galaxy A37 5G,Shop 02
128,256,1500,Samsung Galaxy A34 5G,Shop 13
128,256,1800,Samsung Galaxy A36 5G,Shop 02
128,256,1900,Honor X7d 4G,Shop 01
128,256,1900,Honor X7d 4G,Shop 08
128,256,1900,Motorola G67 Power,Shop 02
128,256,2000,Redmi Note 14 5G,Shop 02
128,256,2000,Honor X7d 4G,Shop 02
128,256,2000,Honor X7d 4G,Shop 06
128,256,2000,Honor X7d 4G,Shop 05
128,256,2000,Honor X7d 4G,Shop 10
128,256,2000,Honor X7d 4G,Shop 13
128,256,2000,Vivo Y31d,Shop 05
128,256,2000,Vivo Y31d,Shop 08
128,256,2000,Vivo Y31d,Shop 12
128,256,2000,Vivo Y31d,Shop 13
128,256,2000,Vivo Y29 4G,Shop 02
128,256,2000,Realme C85 Pro,Shop 01
128,256,2000,Realme C85 Pro,Shop 02
128,256,2000,Realme C85 Pro,Shop 10
128,256,2000,Samsung Galaxy A17 4G,Shop 10
128,256,2000,Samsung Galaxy A17 4G,Shop 02
128,256,2000,Infinix Note Edge,Shop 08
128,256,2000,Redmi Note 15 Pro 5G,Shop 10
128,256,2000,OnePlus Nord CE6 Lite,Shop 01
128,256,2000,OnePlus Nord CE6 Lite,Shop 10
128,256,2000,Samsung Galaxy A36 5G,Shop 06
128,256,2000,Samsung Galaxy A36 5G,Shop 10
128,256,2000,Samsung Galaxy A27 5G,Shop 06
128,256,2000,Redmi Note 17 Pro 5G,Shop 06
128,256,2000,Samsung Galaxy A35 5G,Shop 13
128,256,2000,Samsung Galaxy A35 5G,Shop 02
128,256,2000,Samsung Galaxy M56 5G,Shop 02
128,256,2000,Samsung Galaxy M56 5G,Shop 06
128,256,2000,Samsung Galaxy M56 5G,Shop 10
128,256,2000,Nothing Phone 3a lite,Shop 02
128,256,2000,Realme P4,Shop 10
128,256,2000,Vivo S2,Shop 06
128,256,2000,Samsung Galaxy A34 5G,Shop 02
128,256,2200,Samsung Galaxy A27 5G,Shop 01
128,256,2500,Redmi Note 15 5G,Shop 06
128,256,2500,Redmi Note 17 5G,Shop 10
128,256,2500,Redmi Note 14 Pro 5G,Shop 13
128,256,2500,Samsung Galaxy A17 5G,Shop 10
128,256,2500,Redmi Note 15 Pro 5G,Shop 13
128,256,2500,iQOO Z10R,Shop 02
128,256,2500,Realme 16T,Shop 06
128,256,2500,Samsung Galaxy A36 5G,Shop 10
128,256,2500,Samsung Galaxy A36 5G,Shop 13
128,256,2500,Samsung Galaxy A36 5G,Shop 01
128,256,2500,Samsung Galaxy A36 5G,Shop 03
128,256,2500,Samsung Galaxy A27 5G,Shop 10
128,256,2500,Redmi Note 14 Pro Plus 5G,Shop 06
128,256,2500,Samsung Galaxy A56 5G,Shop 02
128,256,2500,Vivo S2,Shop 10
128,256,2500,OPPO Reno16c,Shop 10
128,256,2509,Redmi Note 14 Pro 5G,Shop 02
128,256,2800,Vivo V70 FE 5G,Shop 01
128,256,2900,Samsung Galaxy A17 5G,Shop 01
128,256,2900,Tecno POVA Curve 2 5G,Shop 14
128,256,2900,Nothing Phone 4a,Shop 02
128,256,2991,Redmi Note 13 Pro 5G,Shop 02
128,256,2991,POCO X7,Shop 02
128,256,3000,Honor X6c,Shop 10
128,256,3000,Samsung Galaxy M35 5G,Shop 02
128,256,3000,Redmi Note 15 5G,Shop 06
128,256,3000,Redmi Note 15 5G,Shop 10
128,256,3000,OPPO A6 4G,Shop 10
128,256,3000,Samsung Galaxy A17 4G,Shop 01
128,256,3000,Vivo V40 Lite,Shop 02
128,256,3000,Redmi Note 14 Pro 5G,Shop 02
128,256,3000,Realme 14T 5G,Shop 02
128,256,3000,POCO X7,Shop 06
128,256,3000,Redmi Note 14 Pro Plus 5G,Shop 01
128,256,3000,Realme 15 5G,Shop 06
128,256,3000,OPPO F31 Pro,Shop 02
128,256,3000,Motorola Edge 60 Fusion,Shop 02
128,256,3000,Samsung Galaxy A37 5G,Shop 13
128,256,3000,Tecno POVA Curve 2 5G,Shop 13
128,256,3000,Tecno POVA Curve 2 5G,Shop 08
128,256,3000,Realme P4,Shop 02
128,256,3000,Realme P4 Power,Shop 13
128,256,3000,Realme 16 5G,Shop 06
128,256,3000,Samsung Galaxy F56,Shop 06
128,256,3000,Nothing Phone 3a Pro,Shop 06
128,256,3000,Vivo V70 FE 5G,Shop 06
128,256,3000,Vivo V70 FE 5G,Shop 10
128,256,3000,Realme 16 Pro,Shop 06
128,256,3000,OPPO Reno16c,Shop 06
128,256,3000,Nothing Phone 4a Pro,Shop 02
128,256,3000,Google Pixel 9a,Shop 13
128,256,3000,Samsung Galaxy A54 5G,Shop 02
128,256,3009,OPPO A6 4G,Shop 12
128,256,3300,Samsung Galaxy A55 5G,Shop 02
128,256,3400,Samsung Galaxy A17 5G,Shop 02
128,256,3401,Motorola Edge 70 Fusion,Shop 02
128,256,3500,Samsung Galaxy A15 5G,Shop 02
128,256,3500,Redmi Note 15 5G,Shop 02
128,256,3500,Redmi Note 15 5G,Shop 13
128,256,3500,Realme 13 5G,Shop 02
128,256,3500,iQOO Z10x,Shop 02
128,256,3500,POCO X7,Shop 13
128,256,3500,Samsung Galaxy A36 5G,Shop 13
128,256,3500,Motorola G96,Shop 13
128,256,3500,Samsung Galaxy A37 5G,Shop 10
128,256,3500,Motorola Edge 70,Shop 06
128,256,3500,Nothing Phone 4b,Shop 13
128,256,3501,Nothing Phone 4a Pro,Shop 01
128,256,3600,OPPO A6 4G,Shop 08
128,256,3700,Redmi Note 15 Pro 5G,Shop 06
128,256,3850,Tecno Camon 50,Shop 14
128,256,4000,OPPO A6 4G,Shop 01
128,256,4000,OPPO A6 4G,Shop 05
128,256,4000,OPPO A6 4G,Shop 07
128,256,4000,OPPO A6 4G,Shop 13
128,256,4000,iQOO Z10x,Shop 02
128,256,4000,Realme 15x,Shop 06
128,256,4000,Samsung Galaxy A16 5G,Shop 02
128,256,4000,Redmi Note 14 Pro 5G,Shop 13
128,256,4000,Infinix Note Edge,Shop 13
128,256,4000,Samsung Galaxy A17 5G,Shop 02
128,256,4000,Redmi Note 14 Pro Plus 5G,Shop 02
128,256,4000,Redmi Note 17 Pro 5G,Shop 10
128,256,4000,Tecno Camon 50,Shop 13
128,256,4000,Tecno Camon 50,Shop 08
128,256,4000,Nothing Phone 3a lite,Shop 10
128,256,4000,Samsung Galaxy A37 5G,Shop 06
128,256,4000,Motorola Edge 70 Fusion,Shop 13
128,256,4000,Nothing Phone 3a Pro,Shop 02
128,256,4000,Nothing Phone 4b,Shop 02
128,256,4000,Nothing Phone 4b,Shop 06
128,256,4000,Nothing Phone 4b,Shop 10
128,256,4000,Vivo V60,Shop 01
128,256,4000,Nothing Phone 4a,Shop 10
128,256,4000,Realme 16 Pro Plus,Shop 06
128,256,4000,Realme 16 Pro Plus,Shop 13
128,256,4000,Google Pixel 9a,Shop 02
128,256,4000,Google Pixel 9a,Shop 06
128,256,4000,Samsung Galaxy A54 5G,Shop 13
128,256,4000,Samsung Galaxy S25,Shop 13
128,256,4100,Nothing Phone 4b,Shop 01
128,256,4300,Meizu Note 22,Shop 01
128,256,4500,Samsung Galaxy A17 4G,Shop 13
128,256,4500,Samsung Galaxy A16 5G,Shop 03
128,256,4500,Samsung Galaxy A16 5G,Shop 13
128,256,4500,Samsung Galaxy A17 5G,Shop 13
128,256,4500,iQOO Neo 10R,Shop 02
128,256,4500,OnePlus Nord CE6,Shop 06
128,256,4500,Nothing Phone 4a,Shop 06
128,256,4500,Google Pixel 9,Shop 13
128,256,4500,Samsung Galaxy S26 FE,Shop 02
128,256,4500,Samsung Galaxy S24 FE,Shop 13
128,256,4600,Samsung Galaxy A37 5G,Shop 01
128,256,4700,Tecno Camon Air,Shop 14
128,256,4800,Redmi Note 15 5G,Shop 06
128,256,5000,Samsung Galaxy A15 5G,Shop 02
128,256,5000,Samsung Galaxy A36 5G,Shop 02
128,256,5000,Tecno Camon 50,Shop 05
128,256,5000,Realme P4 Power,Shop 06
128,256,5000,Realme 16 5G,Shop 10
128,256,5000,OnePlus Nord CE6,Shop 10
128,256,5000,Tecno Camon Air,Shop 05
128,256,5000,Tecno Camon Air,Shop 13
128,256,5000,Samsung Galaxy S21 FE 5G,Shop 02
128,256,5000,Samsung Galaxy S24,Shop 06
128,256,5000,Samsung Galaxy A54 5G,Shop 02
128,256,5000,Google Pixel 9,Shop 06
128,256,5000,Samsung Galaxy S25,Shop 10
128,256,5000,Samsung Galaxy A55 5G,Shop 13
128,256,5000,Samsung Galaxy S24 FE,Shop 06
128,256,5001,Google Pixel 7 Pro,Shop 01
128,256,5100,Nothing Phone 4a,Shop 01
128,256,5500,Motorola Edge 70 Fusion,Shop 06
128,256,5500,Motorola Edge 70 Fusion,Shop 10
128,256,5500,Motorola Edge 70 Fusion,Shop 01
128,256,5500,Samsung Galaxy A56 5G,Shop 10
128,256,5500,Samsung Galaxy S24,Shop 13
128,256,5500,Samsung Galaxy S25,Shop 01
128,256,5700,Vivo Y31d,Shop 10
128,256,6000,Nothing Phone 4a,Shop 13
128,256,6000,Realme 16 Pro Plus,Shop 10
128,256,6000,Google Pixel 8,Shop 02
128,256,6000,OPPO Reno 15F 5G,Shop 02
128,256,6000,Nothing Phone 4a Pro,Shop 06
128,256,6000,Nothing Phone 4a Pro,Shop 10
128,256,6000,Samsung Galaxy S25 FE,Shop 01
128,256,6000,Google Pixel 9a,Shop 10
128,256,6000,Samsung Galaxy S26 FE,Shop 06
128,256,6000,Samsung Galaxy S26 FE,Shop 10
128,256,6500,Samsung Galaxy A56 5G,Shop 06
128,256,6500,Samsung Galaxy A57 5G,Shop 13
128,256,6500,Google Pixel 9a,Shop 13
128,256,6502,Google Pixel 7,Shop 02
128,256,6650,Vivo Y500,Shop 02
128,256,6678,Redmi Note 13 Pro 5G,Shop 02
128,256,6899,Redmi Note 15 5G,Shop 01
128,256,7000,Redmi Note 17 Pro 5G,Shop 06
128,256,7000,Vivo Y500,Shop 05
128,256,7000,Vivo Y500,Shop 10
128,256,7000,Vivo Y500,Shop 13
128,256,7000,Samsung Galaxy A57 5G,Shop 06
128,256,7000,Nothing Phone 4a Pro,Shop 13
128,256,7000,Samsung Galaxy S24,Shop 02
128,256,7000,Samsung Galaxy S24,Shop 02
128,256,7500,Redmi Note 15 5G,Shop 02
128,256,7500,iQOO Z10R,Shop 13
128,256,7500,Samsung Galaxy A57 5G,Shop 10
128,256,7500,Google Pixel 10a,Shop 01
128,256,7500,Google Pixel 9 Pro XL,Shop 13
128,256,7700,Samsung Galaxy A57 5G,Shop 02
128,256,8000,Google Pixel 10a,Shop 02
128,256,8000,Google Pixel 10a,Shop 10
128,256,8000,Samsung Galaxy S24 FE,Shop 02
128,256,8300,Samsung Galaxy S25 FE,Shop 02
128,256,8500,Nothing Phone 3a lite,Shop 06
128,256,8500,Samsung Galaxy A37 5G,Shop 08
128,256,8500,Samsung Galaxy A57 5G,Shop 01
128,256,8500,Samsung Galaxy S25 FE,Shop 13
128,256,9000,Samsung Galaxy A37 5G,Shop 13
128,256,9000,Samsung Galaxy A37 5G,Shop 01
128,256,9000,Samsung Galaxy A37 5G,Shop 05
128,256,9000,Samsung Galaxy A37 5G,Shop 03
128,256,9000,Samsung Galaxy S25 FE,Shop 06
128,256,9000,Samsung Galaxy S25 FE,Shop 10
128,256,9000,Google Pixel 10 Pro,Shop 02
128,256,10000,Vivo V80 Lite 5G,Shop 05
128,256,10000,Vivo V80 Lite 5G,Shop 08
128,256,10000,Vivo V80 Lite 5G,Shop 13
128,256,10000,Samsung Galaxy S25,Shop 02
128,256,10000,Google Pixel 10,Shop 06
128,256,10000,Google Pixel 9 Pro,Shop 06
128,256,10000,Google Pixel 9 Pro XL,Shop 06
128,256,10000,Google Pixel 10 Pro,Shop 06
128,256,10000,Google Pixel 10 Pro,Shop 13
128,256,10500,Google Pixel 7 Pro,Shop 02
128,256,10500,Samsung Galaxy S25,Shop 06
128,256,10500,Samsung Galaxy S26,Shop 06
128,256,11000,Google Pixel 10,Shop 10
128,256,11001,Samsung Galaxy S21 FE 5G,Shop 13
128,256,11500,Google Pixel 8 Pro,Shop 13
128,256,12000,Google Pixel 10,Shop 13
128,256,12001,Google Pixel 10,Shop 01
128,256,16000,Google Pixel 7,Shop 13
128,256,16000,Google Pixel 8 Pro,Shop 02
128,256,16500,Google Pixel 9,Shop 02
128,256,17000,Google Pixel 9 Pro,Shop 02
128,256,18000,Google Pixel 10,Shop 02
128,256,18000,Google Pixel 10 Pro,Shop 10
128,256,19500,Google Pixel 10 Pro,Shop 01
128,256,20001,Google Pixel 9,Shop 01
128,256,23000,Google Pixel 9 Pro XL,Shop 02
128,256,28000,Google Pixel 9 Pro XL,Shop 02
128,256,38000,Google Pixel 9 Pro,Shop 13
256,512,-4000,Vivo V70 5G,Shop 01
256,512,-2800,Vivo V70 5G,Shop 06
256,512,-2000,Honor 200 5G,Shop 01
256,512,-2000,Samsung Galaxy S26 Plus,Shop 06
256,512,-389,OnePlus 15,Shop 02
256,512,0,Redmi Note 15 5G,Shop 02
256,512,0,Honor 400,Shop 13
256,512,0,OnePlus 15T,Shop 02
256,512,0,Google Pixel 10 Pro Fold,Shop 02
256,512,500,Samsung Galaxy S23 Ultra,Shop 13
256,512,1000,Redmi Note 15 Pro 5G,Shop 02
256,512,1000,Vivo V70 Elite,Shop 10
256,512,1500,Honor 200 5G,Shop 02
256,512,1500,Honor 400,Shop 02
256,512,1500,OnePlus Nord 6,Shop 01
256,512,1501,Redmi Note 15 Pro 4G,Shop 01
256,512,2000,Motorola Edge 70 Fusion,Shop 06
256,512,2000,Motorola Edge 70 Fusion,Shop 13
256,512,2000,POCO X8 Pro,Shop 10
256,512,2000,POCO F7 Pro,Shop 10
256,512,2000,Xiaomi 17T,Shop 10
256,512,2000,Xiaomi 17T,Shop 13
256,512,2000,Google Pixel 9 Pro,Shop 13
256,512,2001,Xiaomi 17T,Shop 01
256,512,2200,Samsung Galaxy A57 5G,Shop 01
256,512,2500,Honor 400,Shop 01
256,512,2500,Xiaomi 13,Shop 06
256,512,2500,OPPO Reno15 5G,Shop 01
256,512,3000,Honor 200 5G,Shop 06
256,512,3000,Samsung Galaxy A57 5G,Shop 06
256,512,3000,Redmi K90,Shop 06
256,512,3000,POCO X8 Pro,Shop 06
256,512,3000,Xiaomi 17T,Shop 06
256,512,3000,Vivo V70 5G,Shop 10
256,512,3000,Samsung Galaxy Z Flip 6,Shop 13
256,512,3009,POCO F7 Pro,Shop 06
256,512,3500,Samsung Galaxy A57 5G,Shop 02
256,512,4000,Honor X9c,Shop 13
256,512,4000,POCO F7,Shop 06
256,512,4000,POCO F7,Shop 01
256,512,4000,POCO F7,Shop 10
256,512,4000,Xiaomi 15T,Shop 06
256,512,4000,Vivo S30 Pro Mini,Shop 06
256,512,4000,Honor 600 5G,Shop 13
256,512,4000,Xiaomi 14T,Shop 06
256,512,4000,OnePlus 13s,Shop 06
256,512,4000,Vivo X300 Ultra,Shop 10
256,512,4444,Honor GT Pro,Shop 02
256,512,4499,Google Pixel 7 Pro,Shop 01
256,512,4500,Redmi Note 15 Pro Plus 5G,Shop 06
256,512,4500,Honor 200 5G,Shop 02
256,512,4500,Samsung Galaxy A57 5G,Shop 10
256,512,4500,Honor 600 5G,Shop 10
256,512,4500,Honor 600 5G,Shop 02
256,512,4500,OnePlus 15R,Shop 06
256,512,4501,Motorola Edge 60 Pro,Shop 13
256,512,5000,Redmi Note 15 Pro 5G,Shop 02
256,512,5000,Redmi Note 17 Pro Max 5G,Shop 06
256,512,5000,Honor 600 5G,Shop 06
256,512,5000,POCO F7 Pro,Shop 06
256,512,5000,OPPO Reno15 Pro Mini,Shop 06
256,512,5000,Vivo V70 5G,Shop 06
256,512,5000,Vivo V70 Elite,Shop 06
256,512,5000,Vivo V70 Elite,Shop 01
256,512,5000,Honor Win RT,Shop 06
256,512,5000,OPPO Find X9,Shop 02
256,512,5000,Xiaomi 17T Pro,Shop 06
256,512,5000,Samsung Galaxy S25 Plus,Shop 02
256,512,5000,Vivo X300 FE,Shop 06
256,512,5000,Samsung Galaxy S26,Shop 06
256,512,5000,Vivo X300 Ultra,Shop 13
256,512,5500,OPPO Reno15 5G,Shop 06
256,512,5500,OnePlus 13s,Shop 13
256,512,5860,OPPO Reno14 5G,Shop 02
256,512,6000,Honor Power2,Shop 02
256,512,6000,Honor 600 5G,Shop 01
256,512,6000,OPPO Reno15 Pro Mini,Shop 10
256,512,6000,OnePlus 15R,Shop 13
256,512,6000,OnePlus 15R,Shop 02
256,512,6000,POCO F7 Ultra,Shop 06
256,512,6500,Redmi Turbo 4 Pro,Shop 02
256,512,6501,POCO F8 Pro 5G,Shop 01
256,512,7000,Honor 200 Pro,Shop 02
256,512,7000,Xiaomi 17T Pro,Shop 02
256,512,7000,Xiaomi 17,Shop 10
256,512,7000,Vivo X300 Ultra,Shop 06
256,512,7000,Samsung Galaxy Z Flip 5,Shop 02
256,512,7200,Honor X9c,Shop 02
256,512,8000,Vivo X300,Shop 10
256,512,8000,Samsung Galaxy Z Flip 7,Shop 02
256,512,8000,Samsung Galaxy Z Fold 6 5G,Shop 13
256,512,8500,OPPO Reno 15 Pro,Shop 06
256,512,8500,Samsung Galaxy S26 FE,Shop 02
256,512,8500,POCO F8 Pro 5G,Shop 06
256,512,8500,Samsung Galaxy S25 Ultra,Shop 02
256,512,9000,Xiaomi 17T,Shop 02
256,512,9000,Google Pixel 9 Pro,Shop 02
256,512,9000,iQOO 15,Shop 06
256,512,9441,OnePlus Ace 6,Shop 02
256,512,9500,Redmi Turbo 4 Pro,Shop 01
256,512,9500,OnePlus 15,Shop 13
256,512,9500,Samsung Galaxy Z Flip 7,Shop 13
256,512,9500,Samsung Galaxy S25 Ultra,Shop 06
256,512,9990,POCO F7,Shop 06
256,512,10000,OPPO Reno15 5G,Shop 10
256,512,10000,Samsung Galaxy S25 Edge,Shop 06
256,512,10000,Samsung Galaxy S25 Edge,Shop 01
256,512,10000,Google Pixel Fold,Shop 13
256,512,10000,Vivo X300,Shop 06
256,512,10000,Xiaomi 17 Pro,Shop 06
256,512,10000,Samsung Galaxy S24 Ultra,Shop 02
256,512,10000,Samsung Galaxy Z Fold 7,Shop 06
256,512,10000,Samsung Galaxy Z Fold8,Shop 06
256,512,10000,Samsung Galaxy Z Fold8 Ultra,Shop 06
256,512,10001,Vivo X300 Ultra,Shop 01
256,512,10010,OnePlus 15,Shop 06
256,512,10499,POCO X8 Pro,Shop 01
256,512,10500,Honor Magic 7 Pro,Shop 02
256,512,10500,Samsung Galaxy Z Fold8 Ultra,Shop 13
256,512,11000,Samsung Galaxy Z Fold8 Ultra,Shop 10
256,512,11300,POCO X8 Pro,Shop 01
256,512,11501,Samsung Galaxy Z Flip 7,Shop 01
256,512,12000,Google Pixel 11,Shop 06
256,512,12499,Xiaomi 17T Pro,Shop 01
256,512,12500,Honor 600 Pro,Shop 10
256,512,13000,Samsung Galaxy Z Fold8 Ultra,Shop 01
256,512,13000,Samsung Galaxy Z Fold8 Ultra,Shop 02
256,512,13045,OnePlus Ace 6,Shop 02
256,512,13500,Google Pixel 10 Pro,Shop 01
256,512,13500,Samsung Galaxy S25 Ultra,Shop 13
256,512,13500,Samsung Galaxy S25 Ultra,Shop 01
256,512,14000,Google Pixel 8 Pro,Shop 02
256,512,14000,Samsung Galaxy S25 Ultra,Shop 02
256,512,14000,Samsung Galaxy Z Fold8,Shop 10
256,512,14500,Honor 600 Pro,Shop 01
256,512,15000,Google Pixel 9 Pro XL,Shop 02
256,512,15000,Vivo X300 Pro,Shop 13
256,512,15000,Samsung Galaxy Z Fold 7,Shop 02
256,512,15000,Samsung Galaxy Z Fold 7,Shop 02
256,512,15000,Samsung Galaxy Z Fold8,Shop 02
256,512,15000,Samsung Galaxy Z Fold8,Shop 13
256,512,15000,Google Pixel 11 Pro Fold,Shop 10
256,512,15346,Redmi Note 13 Pro 5G,Shop 02
256,512,15500,Samsung Galaxy S25 Ultra,Shop 01
256,512,16000,Samsung Galaxy Z Fold 7,Shop 01
256,512,16000,Samsung Galaxy Z Fold8,Shop 01
256,512,17000,Honor 600 Pro,Shop 13
256,512,17000,Samsung Galaxy Z Fold 7,Shop 10
256,512,17000,Google Pixel 10 Pro Fold,Shop 13
256,512,17509,Vivo S30 Pro Mini,Shop 02
256,512,18000,Samsung Galaxy Z Fold 7,Shop 10
256,512,18600,Google Pixel 10 Pro Fold,Shop 01
256,512,19000,Samsung Galaxy S25 Ultra,Shop 10
256,512,19000,Samsung Galaxy Z Fold 6 5G,Shop 02
256,512,20000,Samsung Galaxy S24 Ultra,Shop 02
256,512,20000,Nubia Z80 Ultra,Shop 02
256,512,20001,Samsung Galaxy S26 Plus,Shop 01
256,512,20500,Samsung Galaxy Z Flip 6,Shop 02
256,512,21000,Google Pixel 10 Pro Fold,Shop 10
256,512,22000,Samsung Galaxy Z Fold 5,Shop 13
256,512,22500,Samsung Galaxy S26 Ultra,Shop 01
256,512,23000,Samsung Galaxy S26 Ultra,Shop 06
256,512,23000,Samsung Galaxy S26 Ultra,Shop 13
256,512,23500,Samsung Galaxy S26 Ultra,Shop 02
256,512,27000,Samsung Galaxy Z Fold 7,Shop 13
256,512,27001,Google Pixel 10 Pro XL,Shop 01
256,512,28000,Samsung Galaxy Z Flip 6,Shop 02
256,512,28500,Samsung Galaxy S26 Ultra,Shop 01
256,512,29499,Samsung Galaxy S26 Ultra,Shop 03
256,512,29500,Samsung Galaxy S26 Ultra,Shop 08
256,512,29500,Samsung Galaxy S26 Ultra,Shop 13
256,512,33000,Google Pixel 9 Pro XL,Shop 13
256,512,33000,Google Pixel 9 Pro Fold,Shop 02
256,512,35000,Samsung Galaxy Z Fold 6 5G,Shop 02
256,512,40000,Google Pixel 10 Pro XL,Shop 02
256,512,40900,Samsung Galaxy S25 Edge,Shop 02
256,512,46000,Samsung Galaxy S23 Ultra,Shop 02
256,512,50000,Google Pixel 10 Pro,Shop 02
256,512,95000,Google Pixel 9 Pro Fold,Shop 13
512,1024,4000,Nubia Z80 Ultra,Shop 02
512,1024,6000,Vivo X300 Pro,Shop 02
512,1024,7000,Motorola Signature,Shop 10
512,1024,9000,Motorola Signature,Shop 06
512,1024,15000,Xiaomi 17T Pro,Shop 06
512,1024,20000,Samsung Galaxy Z TriFold,Shop 02
512,1024,31001,Samsung Galaxy S25 Ultra,Shop 01
512,1024,34000,Samsung Galaxy S25 Ultra,Shop 10
512,1024,37000,Samsung Galaxy S25 Ultra,Shop 02
512,1024,40000,Samsung Galaxy Z Fold 6 5G,Shop 02
512,1024,43500,OPPO Find X9 Ultra,Shop 01
512,1024,45000,Xiaomi 15 ULTRA,Shop 13
512,1024,60000,Samsung Galaxy Z Fold8,Shop 10
512,1024,109000,Samsung Galaxy Z Fold 6 5G,Shop 02
